#for olusagn3

standard_name = "%"+standard_name+"%"

#A
replace standard_name = subinstr(standard_name,"%ACCO BRANDS INC%","%ACCO BRANDS CORP%",.)
replace standard_name = subinstr(standard_name,"%ACCORD NETWORKS INC%","%ACCORD NETWORKS LTD%",.)
replace standard_name = subinstr(standard_name,"%ACCREDO HEALTH GROUP INC%","%ACCREDO HEALTH INC%",.)
replace standard_name = subinstr(standard_name,"%ACTERNA LLC%","%ACTERNA CORP%",.)
replace standard_name = subinstr(standard_name,"%ADAMS DRUG CO INC%","%ADAMS DRUG INC%",.)
replace standard_name = subinstr(standard_name,"%ADAMS RUSSELL INC%","%ADAMS RUSSELL%",.)
replace standard_name = subinstr(standard_name,"%ADCOR ELECTRONICS%","%ADCOR ELECTRONICS INC%",.)
replace standard_name = subinstr(standard_name,"%ADVANCED OXYGEN TECH INC%","%ADVANCED OXYGEN TECH%",.)
replace standard_name = subinstr(standard_name,"%AEARO CO%","%AEARO CORP%",.)
replace standard_name = subinstr(standard_name,"%AGUIRRE CORP%","%AGUIRRE CO%",.)
replace standard_name = subinstr(standard_name,"%ALASKA COMMUNICATION SYSTEMS GROUP INC%","%ALASKA COMMUNICATION SYSTEMS GROUP%",.)
replace standard_name = subinstr(standard_name,"%ALBERTSONS LLC%","%ALBERTSONS COS INC%",.)
replace standard_name = subinstr(standard_name,"%ALDERWOODS GROUP INC CORP%","%ALDERWOODS GROUP INC%",.)
replace standard_name = subinstr(standard_name,"%ALION SCI & TECH CORP%","%ALION SCI & TECH%",.)
replace standard_name = subinstr(standard_name,"%ALL AMERICAN COMMUNICATION INC%","%ALL AMERICAN COMMUNICATION%",.)
replace standard_name = subinstr(standard_name,"%ALL AMERICAN SEMICONDUCTOR INC%","%ALL AMERICAN SEMICONDUCTOR%",.)
replace standard_name = subinstr(standard_name,"%ALLEGRO MICROSYSTEMS INC%","%ALLEGRO MICROSYSTEMS%",.)
replace standard_name = subinstr(standard_name,"%ALLIANCE PHARM CORP%","%ALLIANCE PHARM%",.)
replace standard_name = subinstr(standard_name,"%ALLIANT COMPUTER SYSTEMS CORP%","%ALLIANT COMPUTER SYSTEMS CP%",.)
replace standard_name = subinstr(standard_name,"%ALLIED DIGITAL TECH CORP%","%ALLIED DIGITAL TECH%",.)
replace standard_name = subinstr(standard_name,"%ALLIED IRISH BANKS PLC%","%ALLIED IRISH BANKS%",.)
replace standard_name = subinstr(standard_name,"%ALLIED MAINTENANCE CORP%","%ALLIED MAINTENANCE%",.)
replace standard_name = subinstr(standard_name,"%ALLIED MOTION TECH INC%","%ALLIED MOTION TECH%",.)
replace standard_name = subinstr(standard_name,"%ALLIED PROD CORP%","%ALLIED PROD%",.)
replace standard_name = subinstr(standard_name,"%ALLIED RISER COMMUNICATION CORP%","%ALLIED RISER COMMUNICATION%",.)
replace standard_name = subinstr(standard_name,"%ALLSCRIPTS HEALTHCARE SOLUTIONS INC%","%ALLSCRIPTS HEALTHCARE SOLUTIONS%",.)
replace standard_name = subinstr(standard_name,"%ALPHA NATURAL RESOURCES LLC%","%ALPHA NATURAL RESOURCES INC%",.)
replace standard_name = subinstr(standard_name,"%ALSTOM%","%ALSTOM SA%",.)
replace standard_name = subinstr(standard_name,"%ALTA IND INC%","%ALTA IND CORP%",.)
replace standard_name = subinstr(standard_name,"%AMCON DISTRIBUTING%","%AMCON DISTRIBUTING CO%",.)
replace standard_name = subinstr(standard_name,"%AMERICA SERVICE GROUP INC CORP%","%AMERICA SERVICE GROUP INC%",.)
replace standard_name = subinstr(standard_name,"%AMERICAN CAMPUS COMMUNITIES LLC%","%AMERICAN CAMPUS COMMUNITIES%",.)
replace standard_name = subinstr(standard_name,"%AMERICAN CENTURY%","%AMERICAN CENTURY CORP%",.)
replace standard_name = subinstr(standard_name,"%AMERICAN COMML LINES LLC%","%AMERICAN COMML LINES INC%",.)
replace standard_name = subinstr(standard_name,"%AMERICAN LAWYER MEDIA LP%","%AMERICAN LAWYER MEDIA INC%",.)
replace standard_name = subinstr(standard_name,"%AMERICAN NAT CAN CO%","%AMERICAN NAT CAN GROUP INC%",.)
replace standard_name = subinstr(standard_name,"%AMERICAN SAFETY RAZOR CO LLC%","%AMERICAN SAFETY RAZOR CO%",.)
replace standard_name = subinstr(standard_name,"%AMERICAN SAFETY RAZOR CORP%","%AMERICAN SAFETY RAZOR CO%",.)
replace standard_name = subinstr(standard_name,"%AMERICAN SEAFOODS CO%","%AMERICAN SEAFOODS CO LLC%",.)
replace standard_name = subinstr(standard_name,"%AMERICAN SEAFOODS GROUP LLC%","%AMERICAN SEAFOODS CO LLC%",.)
replace standard_name = subinstr(standard_name,"%AMERICAN SEAFOODS LP%","%AMERICAN SEAFOODS CO LLC%",.)
replace standard_name = subinstr(standard_name,"%AMERICAN TISSUE CORP%","%AMERICAN TISSUE INC%",.)
replace standard_name = subinstr(standard_name,"%AMERICAN TOWER LP%","%AMERICAN TOWER CORP%",.)
replace standard_name = subinstr(standard_name,"%AMETEK%","%AMETEK INC%",.)
replace standard_name = subinstr(standard_name,"%AMGEN%","%AMGEN INC%",.)
replace standard_name = subinstr(standard_name,"%ANHEUSER BUSCH INC%","%ANHEUSER BUSCH COS INC%",.)
replace standard_name = subinstr(standard_name,"%ANHEUSER BUSCH LLC%","%ANHEUSER BUSCH COS INC%",.)
replace standard_name = subinstr(standard_name,"%ANSUL INC%","%ANSUL CO%",.)
replace standard_name = subinstr(standard_name,"%ANTHEM INSURANCE CO INC%","%ANTHEM INC%",.)
replace standard_name = subinstr(standard_name,"%API TECH INC%","%API TECH CORP%",.)
replace standard_name = subinstr(standard_name,"%APP PHARM LLC%","%APP PHARM INC%",.)
replace standard_name = subinstr(standard_name,"%APPLIED BIOSYSTEMS LLC%","%APPLIED BIOSYSTEMS INC%",.)
replace standard_name = subinstr(standard_name,"%APPLIED MAGNETICS%","%APPLIED MAGNETICS CORP%",.)
replace standard_name = subinstr(standard_name,"%ARC GROUP WORLDWIDE LLC%","%ARC GROUP WORLDWIDE INC%",.)
replace standard_name = subinstr(standard_name,"%ARCHIPELAGO LEARNING LLC%","%ARCHIPELAGO LEARNING INC%",.)
replace standard_name = subinstr(standard_name,"%ARES MANAGEMENT LLC%","%ARES MANAGEMENT LP%",.)
replace standard_name = subinstr(standard_name,"%ARI NETWORK SERVICES%","%ARI NETWORK SERVICES INC%",.)
replace standard_name = subinstr(standard_name,"%ARRIS INT INC%","%ARRIS INT PLC%",.)
replace standard_name = subinstr(standard_name,"%ARTECON%","%ARTECON INC%",.)
replace standard_name = subinstr(standard_name,"%ARVIDA CO%","%ARVIDA CORP%",.)
replace standard_name = subinstr(standard_name,"%ASHTON TATE%","%ASHTON TATE CO%",.)
replace standard_name = subinstr(standard_name,"%ASHTON TATE CORP%","%ASHTON TATE CO%",.)
replace standard_name = subinstr(standard_name,"%ASTRALIS LLC%","%ASTRALIS LTD%",.)
replace standard_name = subinstr(standard_name,"%AUDIO KING INC%","%AUDIO KING CORP%",.)
replace standard_name = subinstr(standard_name,"%AURA SYSTEMS INC CORP%","%AURA SYSTEMS INC%",.)
replace standard_name = subinstr(standard_name,"%AURORA DIAGNOSTICS LLC%","%AURORA DIAGNOSTICS INC%",.)
replace standard_name = subinstr(standard_name,"%AVANIR PHARM%","%AVANIR PHARM INC%",.)
replace standard_name = subinstr(standard_name,"%AXALTA COATING SYSTEMS LLC%","%AXALTA COATING SYSTEMS LTD%",.)
replace standard_name = subinstr(standard_name,"%AUTOOMATIC DATA PROCESSING INC%","%AUTOMATIC DATA PROCESSING INC%",.)
replace standard_name = subinstr(standard_name,"%AMERICAN PRECISION IND INC%","%AMERICAN PRECISION INDS INC%",.)
replace standard_name = subinstr(standard_name,"%ARTERIAL VASCULAR ENG INC%","%ARTERIAL VASCULAR ENGR INC%",.)
replace standard_name = subinstr(standard_name,"%AMERICAN RAILCAR IND INC%","%AMERICAN RAILCAR INDS INC%",.)
replace standard_name = subinstr(standard_name,"%ALBANY MOLECULAR RES INC%","%ALBANY MOLECULAR RESH INC%",.)
replace standard_name = subinstr(standard_name,"%AMERICAN INT IND INC%","%AMERICAN INT INDS INC%",.)
replace standard_name = subinstr(standard_name,"%AMERICAN COMML LINES INC%","%AMERICAN COMML LINES LLC%",.)
replace standard_name = subinstr(standard_name,"%ARDEN INT KITCHENS LLC%","%ARDEN INT KITCHENS INC%",.)
replace standard_name = subinstr(standard_name,"%AMERICAN GREETING CORP%","%AMERICAN GREETINGS CORP%",.)
replace standard_name = subinstr(standard_name,"%AMERICAN AIRLINE INC%","%AMERICAN AIRLINES GROUP INC%",.)
replace standard_name = subinstr(standard_name,"%AMERICAN TOWERS INC%","%AMERICAN TOWER CORP%",.)
replace standard_name = subinstr(standard_name,"%AXIOHM TRANSACTIONS SOLUTIONS INC%","%AXIOHM TRANSACTION SOLUTIONS INC%",.)
replace standard_name = subinstr(standard_name,"%ASSOC MATERIAL LLC%","%ASSOC MATERIALS LLC%",.)
replace standard_name = subinstr(standard_name,"%ATLAS CHEM IND INC%","%ATLAS CHEM INDS INC%",.)
replace standard_name = subinstr(standard_name,"%AUXILIUM PHARM INC%","%AUXILIUM PHARMA INC%",.)
replace standard_name = subinstr(standard_name,"%ALEXION PHARMA LLC%","%ALEXION PHARMA INC%",.)
replace standard_name = subinstr(standard_name,"%AVALON PHARM INC%","%AVALON PHARMA INC%",.)
replace standard_name = subinstr(standard_name,"%ATHLONE IND INC%","%ATHLONE INDS INC%",.)
replace standard_name = subinstr(standard_name,"%ALPHA NATURAL RESOURES INC%","%ALPHA NATURAL RESOURCES INC%",.)
replace standard_name = subinstr(standard_name,"%ACE & COMMUNICATIONS CORP%","%ACE*COMM CORP%",.)
replace standard_name = subinstr(standard_name,"%ASTRA AB ASTRA AB%","%ASTRA AB%",.)
replace standard_name = subinstr(standard_name,"%AMERICAN HOSPITALO SUPPLY CORP%","%AMERICAN HOSPITAL SUPPLY CORP%",.)
replace standard_name = subinstr(standard_name,"%ATCO IND LTD%","%ATCO INDS INC%",.)
replace standard_name = subinstr(standard_name,"%AXALTA COATING SYSTEMS IP CO LLC%","%AXALTA COATING SYSTEMS LTD%",.)
replace standard_name = subinstr(standard_name,"%AMERICAN BROADCATING CO INC%","%AMERICAN BROADCASTING CO INC%",.)
replace standard_name = subinstr(standard_name,"%AMERIWOOD IND INT CORP%","%AMERIWOOD INDS INT CORP%",.)
replace standard_name = subinstr(standard_name,"%AVALON BAY COMMUNITIES INC%","%AVALONBAY COMMUNITIES INC%",.)
replace standard_name = subinstr(standard_name,"%AMERICAN PLUMBING & MECHINCAL INC%","%AMERICAN PLUMBING & MECH INC%",.)
replace standard_name = subinstr(standard_name,"%AMERICAN PLUMBING & MECHANICAL INC%","%AMERICAN PLUMBING & MECH INC%",.)
replace standard_name = subinstr(standard_name,"%AMALGAMATED SUGAR CO THE%","%AMALGAMATED SUGAR CO%",.)
replace standard_name = subinstr(standard_name,"%AMRICAN NAT CAN CO%","%AMERICAN NAT CAN GROUP INC%",.)
replace standard_name = subinstr(standard_name,"%AMERICAN COMML LINES INT LLC%","%AMERICAN COMML LINES INC%",.)
replace standard_name = subinstr(standard_name,"%AMERICAN CELLULAR CORP NOW AMERICAN CELLULAR CORP%","%AMERICAN CELLULAR CORP%",.)
replace standard_name = subinstr(standard_name,"%AMERICAN BILRITE INC%","%AMERICAN BILTRITE INC%",.)
replace standard_name = subinstr(standard_name,"%ARIZONE PUBLIC SERVICE CO%","%ARIZONA PUBLIC SERVICE CO%",.)
replace standard_name = subinstr(standard_name,"%AJ IND CORP%","%AJ INDS INC%",.)
replace standard_name = subinstr(standard_name,"%AJ IND INC%","%AJ INDS INC%",.)
replace standard_name = subinstr(standard_name,"%ANHEUSER BUSCHINC%","%ANHEUSER BUSCH COS INC%",.)
replace standard_name = subinstr(standard_name,"%AQUAPENN SPRING WATER CO INC THE%","%AQUAPENN SPRING WATER INC%",.)
replace standard_name = subinstr(standard_name,"%AMERICAN ELECTRIC POWER SERVICE CORP%","%AMERICAN ELECTRIC POWER CO%",.)
replace standard_name = subinstr(standard_name,"%AMERICAN COMMERICAL LINES LLC%","%AMERICAN COMML LINES INC%",.)
replace standard_name = subinstr(standard_name,"%AMERICAN COMMERICAL LINES INC%","%AMERICAN COMML LINES INC%",.)
replace standard_name = subinstr(standard_name,"%ALLEGRO BIODISEL CORP%","%ALLEGRO BIODIESEL CORP%",.)
replace standard_name = subinstr(standard_name,"%AQUACARE SYSTEMS INC%","%AQUA CARE SYSTEMS INC%",.)

*B
replace standard_name = subinstr(standard_name,"%%","%%",.)
replace standard_name = subinstr(standard_name,"%%","%%",.)
replace standard_name = subinstr(standard_name,"%%","%%",.)
replace standard_name = subinstr(standard_name,"%%","%%",.)
replace standard_name = subinstr(standard_name,"%%","%%",.)
replace standard_name = subinstr(standard_name,"%%","%%",.)
replace standard_name = subinstr(standard_name,"%%","%%",.)
replace standard_name = subinstr(standard_name,"%%","%%",.)
replace standard_name = subinstr(standard_name,"%%","%%",.)
replace standard_name = subinstr(standard_name,"%%","%%",.)
