standard_name = "%"+standard_name+"%"

*B
replace standard_name = subinstr(standard_name,"%AMARIN CORP%","%AMARIN CORP PLC%",.)
replace standard_name = subinstr(standard_name,"%AMDOCS%","%AMDOCS INC%",.)
replace standard_name = subinstr(standard_name,"%AMERICAN BIOGENETIC SCI%","%AMERICAN BIOGENETIC SCI INC%",.)
replace standard_name = subinstr(standard_name,"%AMERICAN HEALTHCARE MANAGEMENT%","%AMERICAN HEALTHCARE MANAGEMENT INC%",.)
replace standard_name = subinstr(standard_name,"%AMERICAN BROADCASTING%","%AMERICAN BROADCASTING CO INC%",.)
replace standard_name = subinstr(standard_name,"%AMERICAN COMML LINES%","%AMERICAN COMML LINES INC%",.)
replace standard_name = subinstr(standard_name,"%AMERICAN EDUCATIONAL PROD%","%AMERICAN EDUCATIONAL PROD LLC%",.)
replace standard_name = subinstr(standard_name,"%AMERICAN ELECTRIC POWER CO%","%AMERICAN ELECTRIC POWER CO INC%",.)
replace standard_name = subinstr(standard_name,"%AMERICAN HOSPITAL SUPPLY%","%AMERICAN HOSPITAL SUPPLY CORP%",.)
replace standard_name = subinstr(standard_name,"%AMERICAN INT GROUP%","%AMERICAN INT GROUP INC%",.)
replace standard_name = subinstr(standard_name,"%AMERICAN MEDIA OPERATIONS%","%AMERICAN MEDIA OPERATIONS INC%",.)
replace standard_name = subinstr(standard_name,"%AMERICAN MED AFFILIATES%","%AMERICAN MED AFFILIATES INC%",.)
replace standard_name = subinstr(standard_name,"%AMERICAN MED PROD CP%","%AMERICAN MED PROD CORP%",.)
replace standard_name = subinstr(standard_name,"%AMERICAN MED RESPONSE%","%AMERICAN MED RESPONSE INC%",.)
replace standard_name = subinstr(standard_name,"%AMERICAN MOTOR INNS%","%AMERICAN MOTOR INNS INC%",.)
replace standard_name = subinstr(standard_name,"%AMERICAN POWER CONVERSION CP%","%AMERICAN POWER CONVERSION CORP%",.)
replace standard_name = subinstr(standard_name,"%AMERICAN PUBLIC EDUCATION%","%AMERICAN PUBLIC EDUCATION INC%",.)
replace standard_name = subinstr(standard_name,"%AMERICAN REALTY CAPITAL TRUST%","%AMERICAN REALTY CAPITAL TRUST INC%",.)
replace standard_name = subinstr(standard_name,"%AMERICAN RESTAURANT GROUP%","%AMERICAN RESTAURANT GROUP INC%",.)
replace standard_name = subinstr(standard_name,"%AMERICAN SAFETY RAZOR%","%AMERICAN SAFETY RAZOR CO%",.)
replace standard_name = subinstr(standard_name,"%AMERICAN SEAFOODS CORP%","%AMERICAN SEAFOODS CO LLC%",.)
replace standard_name = subinstr(standard_name,"%AMERICAN SOFTWARE%","%AMERICAN SOFTWARE INC%",.)
replace standard_name = subinstr(standard_name,"%AMERICAN SPORTS DEV GROUP%","%AMERICAN SPORTS DEV GROUP INC%",.)
replace standard_name = subinstr(standard_name,"%AMERICAN SUPERCONDUCTOR CP%","%AMERICAN SUPERCONDUCTOR CORP%",.)
replace standard_name = subinstr(standard_name,"%AMERICAN TECH CERAMICS%","%AMERICAN TECH CERAMICS CORP%",.)
replace standard_name = subinstr(standard_name,"%AMERICAN TECH GROUP%","%AMERICAN TECH GROUP INC%",.)
replace standard_name = subinstr(standard_name,"%AMERICAN WASTE SERVICES%","%AMERICAN WASTE SERVICES INC%",.)
replace standard_name = subinstr(standard_name,"%AMPLIFY SNACK BRANDS%","%AMPLIFY SNACK BRANDS INC%",.)
replace standard_name = subinstr(standard_name,"%AMSTED IND%","%AMSTED IND INC%",.)
replace standard_name = subinstr(standard_name,"%AMTECH INT%","%AMTECH INT INC%",.)
replace standard_name = subinstr(standard_name,"%AMTERRE DEV%","%AMTERRE DEV INC%",.)
replace standard_name = subinstr(standard_name,"%ANALOG DEVICES%","%ANALOG DEVICES INC%",.)
replace standard_name = subinstr(standard_name,"%ANGIOTECH PHARM%","%ANGIOTECH PHARM INC%",.)
replace standard_name = subinstr(standard_name,"%ANTHEM INSURANCE%","%ANTHEM INC%",.)
replace standard_name = subinstr(standard_name,"%APPLIED DIGITAL DATA SYSTEMS%","%APPLIED DIGITAL DATA SYSTEMS INC%",.)
replace standard_name = subinstr(standard_name,"%APPLIED GENETIC TECH%","%APPLIED GENETIC TECH CORP%",.)
replace standard_name = subinstr(standard_name,"%APPLIED MOLECULAR EVOLUTION%","%APPLIED MOLECULAR EVOLUTION INC%",.)
replace standard_name = subinstr(standard_name,"%APPLIED SCI & TECH%","%APPLIED SCI & TECH INC%",.)
replace standard_name = subinstr(standard_name,"%AQUAPENN SPRING WATER INC%","%AQUAPENN SPRING WATER CO INC%",.)
replace standard_name = subinstr(standard_name,"%ARCTIC ALASKA FISHERIES%","%ARCTIC ALASKA FISHERIES CORP%",.)
replace standard_name = subinstr(standard_name,"%ARMSTRONG PHARM%","%ARMSTRONG PHARM INC%",.)
replace standard_name = subinstr(standard_name,"%ARMSTRONG WORLD IND%","%ARMSTRONG WORLD IND INC%",.)
replace standard_name = subinstr(standard_name,"%ARROW AUTOMOTIVE IND%","%ARROW AUTOMOTIVE IND INC%",.)
replace standard_name = subinstr(standard_name,"%ARTS WAY MFG INC%","%ARTS WAY MFG CO INC%",.)
replace standard_name = subinstr(standard_name,"%ASCENT ENTERTAINMENT GROUP%","%ASCENT ENTERTAINMENT GROUP INC%",.)
replace standard_name = subinstr(standard_name,"%ASCENT SOLAR TECH%","%ASCENT SOLAR TECH INC%",.)
replace standard_name = subinstr(standard_name,"%ASI%","%ASI CORP%",.)
replace standard_name = subinstr(standard_name,"%ASIA PULP & PAPER LTD%","%ASIA PULP & PAPER CO LTD%",.)
replace standard_name = subinstr(standard_name,"%ATLANTIC EXPRESS%","%ATLANTIC EXPRESS INC%",.)
replace standard_name = subinstr(standard_name,"%ATLANTIC GULF COMMUNITIES CP%","%ATLANTIC GULF COMMUNITIES CORP%",.)
replace standard_name = subinstr(standard_name,"%ATLANTIC RESTAURANT VENTURES%","%ATLANTIC RESTAURANT VENTURES INC%",.)
replace standard_name = subinstr(standard_name,"%AUDIOFIDELITY ENTERPRISES%","%AUDIOFIDELITY ENTERPRISES INC%",.)
replace standard_name = subinstr(standard_name,"%AUDITS & SURVEYS WORLDWIDE%","%AUDITS & SURVEYS WORLDWIDE INC%",.)
replace standard_name = subinstr(standard_name,"%AUTHENTIC FITNESS%","%AUTHENTIC FITNESS CORP%",.)
replace standard_name = subinstr(standard_name,"%AUTHENTIDATE HLDGS%","%AUTHENTIDATE HLDGS CORP%",.)
replace standard_name = subinstr(standard_name,"%AUTOLOGIC INFORMATION INT%","%AUTOLOGIC INFORMATION INT INC%",.)
replace standard_name = subinstr(standard_name,"%AUTOMATIC DATA PROCESSING%","%AUTOMATIC DATA PROCESSING INC%",.)
replace standard_name = subinstr(standard_name,"%AUTOMATIC SWITCH%","%AUTOMATIC SWITCH CO%",.)
replace standard_name = subinstr(standard_name,"%AUTOMOBILE PROTECTION%","%AUTOMOBILE PROTECTION CORP%",.)
replace standard_name = subinstr(standard_name,"%AUXTON COMPUTER ENTERPRISES%","%AUXTON COMPUTER ENTERPRISES INC%",.)
replace standard_name = subinstr(standard_name,"%AVALON DIGITAL MARKETING SYSTEMS%","%AVALON DIGITAL MARKETING SYSTEMS INC%",.)
replace standard_name = subinstr(standard_name,"%AVANT IMMUNOTHERAPEUTICS%","%AVANT IMMUNOTHERAPEUTICS INC%",.)
replace standard_name = subinstr(standard_name,"%AVENTINE RENEWABLE ENERGY%","%AVENTINE RENEWABLE ENERGY INC%",.) *completed merger with Aventine Renewable Energy Holdings Inc
replace standard_name = subinstr(standard_name,"%AVON PROD%","%AVON PROD INC%",.)
replace standard_name = subinstr(standard_name,"%AXIOHM TRANSACTION SOLUTIONS%","%AXIOHM TRANSACTION SOLUTIONS INC%",.)
replace standard_name = subinstr(standard_name,"%AUTOMATIC DATA PROCESSING%","%AUTOMATIC DATA PROCESSING INC%",.)
replace standard_name = subinstr(standard_name,"%ALADDIN KNOWLEDGE SYSTEM LTD%","%ALADDIN KNOWLEDGE SYSTEMS LTD%",.)
replace standard_name = subinstr(standard_name,"%AMERICAN PRECISION INDS%","%AMERICAN PRECISION INDS INC%",.)
replace standard_name = subinstr(standard_name,"%AUTHENTIC SPECIALTY FOOD INC%","%AUTHENTIC SPECIALTY FOODS INC%",.)
replace standard_name = subinstr(standard_name,"%ALLIED CAPITAL COML CORP%","%ALLIED CAPITAL COMML CORP%",.)
replace standard_name = subinstr(standard_name,"%AMPHASTAR PHARMA%","%AMPHASTAR PHARM INC%",.)
replace standard_name = subinstr(standard_name,"%AMERICAN INT INDS%","%AMERICAN INT INDS INC%",.)
replace standard_name = subinstr(standard_name,"%AMERICAN COML LINES LLC%","%AMERICAN COMML LINES LLC%",.)
replace standard_name = subinstr(standard_name,"%AMERICAN CONSOL LABS%","%AMERICAN CONSOL LAB INC%",.)
replace standard_name = subinstr(standard_name,"%AMERICAN MAIZE PRODS%","%AMERICAN MAIZE PROD CO%",.)
replace standard_name = subinstr(standard_name,"%ARDEN INT KITCHEN INC%","%ARDEN INT KITCHENS INC%",.)
replace standard_name = subinstr(standard_name,"%AMERICAN GREETINGS%","%AMERICAN GREETINGS CORP%",.)
replace standard_name = subinstr(standard_name,"%AXIOHM TRANSACTION SOLUTIONS%","%AXIOHM TRANSACTION SOLUTIONS INC%",.)
replace standard_name = subinstr(standard_name,"%ASSOC MATERIALS%","%ASSOC MATERIALS LLC%",.)
replace standard_name = subinstr(standard_name,"%ALEXION PHARM INC%","%ALEXION PHARMA INC%",.)
replace standard_name = subinstr(standard_name,"%AMERICAN DIAGNOSTICS CORP%","%AMERICAN DIAGNOSTICA INC%",.) *according to the address, AMERICAN DIAGNOSTICA INC should be the correct name
replace standard_name = subinstr(standard_name,"%AMERICAN ELECTRONICS COMPONENTS%","%AMERICAN ELECTRONIC COMPONENTS INC%",.)
replace standard_name = subinstr(standard_name,"%ATHLONE INDS%","%ATHLONE INDS INC%",.)
replace standard_name = subinstr(standard_name,"%ACE COMMUNICATIONS CORP%","%ACE*COMM CORP%",.)
replace standard_name = subinstr(standard_name,"%AMERICAN SCI ENG%","%AMERICAN SCI & ENG INC%",.)
replace standard_name = subinstr(standard_name,"%ALASKA PACIFIC BANCSHARS INC%","%ALASKA PACIFIC BANCSHARES INC%",.)
replace standard_name = subinstr(standard_name,"%AMERICAN HOSPITAL SUPPLY%","%AMERICAN HOSPITAL SUPPLY CORP%",.)
replace standard_name = subinstr(standard_name,"%ATCO INDS%","%ATCO INDS INC%",.)
replace standard_name = subinstr(standard_name,"%AMERICAN BROADCASTING%","%AMERICAN BROADCASTING CO INC%",.)
replace standard_name = subinstr(standard_name,"%AVENTINE RENEWABLE ENERGY%","%AVENTINE RENEWABLE ENERGY HLDGS INC%",.)
replace standard_name = subinstr(standard_name,"%APPLIED IMMUNE SCI DE%","%APPLIED IMMUNE SCI INC%",.)
replace standard_name = subinstr(standard_name,"%ASSOCIATES CORP NORTH AMERICAN%","%ASSOCIATES CORP OF NORTH AMERICA%",.)
replace standard_name = subinstr(standard_name,"%AMERICAN COMML LINES%","%AMERICAN COMML LINES INC%",.)
replace standard_name = subinstr(standard_name,"%AMERICAN CITY BUS JOURNALS%","%AMERICAN CITY BUSINESS JOURNALS INC%",.)
replace standard_name = subinstr(standard_name,"%AMERICAN WESTERN CORP NEW%","%AMERICAN WESTERN CORP%",.)
replace standard_name = subinstr(standard_name,"%ALEXANDER & ALEXANDER%","%ALEXANDER & ALEXANDER SERVICES INC%",.)
replace standard_name = subinstr(standard_name,"%AMERICAN BANK NT HOLOGRAPHICS%","%AMERICAN BANK NOTE HOLOGRAPHICS INC%",.)
replace standard_name = subinstr(standard_name,"%AMERICAN BANKERS INS GROUP%","%AMERICAN BANKERS INSURANCE GROUP INC%",.)
replace standard_name = subinstr(standard_name,"%AMERICAN COMML LINES%","%AMERICAN COMML LINES INC%",.)
replace standard_name = subinstr(standard_name,"%ADVANCED FIBER TECH AFT INC%","%ADVANCED FIBER TECH INC%",.)
replace standard_name = subinstr(standard_name,"%AMERICAN SECURITY RES CORP%","%AMERICAN SECURITY RESOURCES CORP%",.)
replace standard_name = subinstr(standard_name,"%ALASKA COMMUNICATION SYSTEMS GROUP%","%ALASKA COMMUNICATION SYSTEMS HLDGS INC%",.)

*B
replace standard_name = subinstr(standard_name,"%BALDWIN TECH CO%","%BALDWIN TECH CO INC%",.)
replace standard_name = subinstr(standard_name,"%BALLISTIC RECOVERY SYSTEMS%","%BALLISTIC RECOVERY SYSTEMS INC%",.)
replace standard_name = subinstr(standard_name,"%BALLY TOTAL FITNESS HLDGS CP%","%BALLY TOTAL FITNESS HLDGS CORP%",.)
replace standard_name = subinstr(standard_name,"%BANK ENTERTAINMENT%","%BK ENTERTAINMENT INC%",.)
replace standard_name = subinstr(standard_name,"%BARCLAY IND%","%BARCLAY IND INC%",.)
replace standard_name = subinstr(standard_name,"%BARWICK ET IND%","%BARWICK ET IND INC%",.)
replace standard_name = subinstr(standard_name,"%BASE TEN SYSTEMS%","%BASE TEN SYSTEMS INC%",.)
replace standard_name = subinstr(standard_name,"%BASTIAN IND%","%BASTIAN IND INC%",.)
replace standard_name = subinstr(standard_name,"%BAY STATE GAS%","%BAY STATE GAS CO%",.)
replace standard_name = subinstr(standard_name,"%BAYPORT RESTAURANT GROUP%","%BAYPORT RESTAURANT GROUP INC%",.)
replace standard_name = subinstr(standard_name,"%BEATRICE COS INC%","%BEATRICE CO%",.)
replace standard_name = subinstr(standard_name,"%BEN & JERRYS HOMEMADE%","%BEN & JERRYS HOMEMADE INC%",.)
replace standard_name = subinstr(standard_name,"%BEN FRANKLIN RETAIL STORES%","%BEN FRANKLIN RETAIL STORES INC%",.)
replace standard_name = subinstr(standard_name,"%BENCHMARQ MICROELECTRONICS%","%BENCHMARQ MICROELECTRONICS INC%",.)
replace standard_name = subinstr(standard_name,"%BENTLEY PHARM%","%BENTLEY PHARM INC%",.)
replace standard_name = subinstr(standard_name,"%BERKSHIRE HATHAWAY%","%BERKSHIRE HATHAWAY INC%",.)
replace standard_name = subinstr(standard_name,"%BERRY PETROLEUM%","%BERRY PETROLEUM CO%",.)
replace standard_name = subinstr(standard_name,"%BEST POWER TECH%","%BEST POWER TECH INC%",.)
replace standard_name = subinstr(standard_name,"%BIG BEAR STORES%","%BIG BEAR STORES CO%",.)
replace standard_name = subinstr(standard_name,"%BIG THREE IND%","%BIG THREE IND CORP%",.)
replace standard_name = subinstr(standard_name,"%BIG V SUPERMARKETS%","%BIG V SUPERMARKETS INC%",.)
replace standard_name = subinstr(standard_name,"%BIOSANTE PHARM%","%BIOSANTE PHARM INC%",.)
replace standard_name = subinstr(standard_name,"%BIRTCHER MED SYSTEMS%","%BIRTCHER MED SYSTEMS INC%",.)
replace standard_name = subinstr(standard_name,"%%","%%",.)
replace standard_name = subinstr(standard_name,"%%","%%",.)
replace standard_name = subinstr(standard_name,"%%","%%",.)
replace standard_name = subinstr(standard_name,"%%","%%",.)
replace standard_name = subinstr(standard_name,"%%","%%",.)
replace standard_name = subinstr(standard_name,"%%","%%",.)
replace standard_name = subinstr(standard_name,"%%","%%",.)
replace standard_name = subinstr(standard_name,"%%","%%",.)
replace standard_name = subinstr(standard_name,"%%","%%",.)
replace standard_name = subinstr(standard_name,"%%","%%",.)
replace standard_name = subinstr(standard_name,"%%","%%",.)
replace standard_name = subinstr(standard_name,"%%","%%",.)
replace standard_name = subinstr(standard_name,"%%","%%",.)
replace standard_name = subinstr(standard_name,"%%","%%",.)
replace standard_name = subinstr(standard_name,"%%","%%",.)
replace standard_name = subinstr(standard_name,"%%","%%",.)
replace standard_name = subinstr(standard_name,"%%","%%",.)
replace standard_name = subinstr(standard_name,"%%","%%",.)
replace standard_name = subinstr(standard_name,"%%","%%",.)
replace standard_name = subinstr(standard_name,"%%","%%",.)
replace standard_name = subinstr(standard_name,"%%","%%",.)
replace standard_name = subinstr(standard_name,"%%","%%",.)
replace standard_name = subinstr(standard_name,"%%","%%",.)
replace standard_name = subinstr(standard_name,"%%","%%",.)
replace standard_name = subinstr(standard_name,"%%","%%",.)
replace standard_name = subinstr(standard_name,"%%","%%",.)
replace standard_name = subinstr(standard_name,"%%","%%",.)
replace standard_name = subinstr(standard_name,"%%","%%",.)
replace standard_name = subinstr(standard_name,"%%","%%",.)
replace standard_name = subinstr(standard_name,"%%","%%",.)
replace standard_name = subinstr(standard_name,"%%","%%",.)
replace standard_name = subinstr(standard_name,"%%","%%",.)
replace standard_name = subinstr(standard_name,"%%","%%",.)
replace standard_name = subinstr(standard_name,"%%","%%",.)
replace standard_name = subinstr(standard_name,"%%","%%",.)
replace standard_name = subinstr(standard_name,"%%","%%",.)
